{"stats":{"minecraft:killed":{"minecraft:cave_spider":2,"minecraft:witch":1,"minecraft:spider":16,"minecraft:skeleton":55,"minecraft:chicken":173,"minecraft:pig":59,"minecraft:zombie_villager":2,"minecraft:salmon":103,"minecraft:creeper":15,"minecraft:sheep":59,"minecraft:zombie":75,"minecraft:ghast":1,"minecraft:cow":323,"minecraft:phantom":4,"minecraft:bat":1,"minecraft:squid":9,"minecraft:enderman":2},"minecraft:dropped":{"minecraft:iron_sword":2,"minecraft:birch_planks":88,"minecraft:lapis_lazuli":84,"minecraft:cooked_beef":53,"minecraft:glass_bottle":6,"minecraft:red_mushroom":1,"minecraft:gold_block":1,"minecraft:dirt":56,"minecraft:grass":2,"minecraft:dark_oak_log":1,"minecraft:iron_pickaxe":1,"minecraft:birch_log":20,"minecraft:white_wool":1,"minecraft:oak_door":6,"minecraft:gravel":20,"minecraft:sugar_cane":36,"minecraft:wheat":1,"minecraft:rotten_flesh":63,"minecraft:oak_planks":31,"minecraft:carrot":15,"minecraft:coal_ore":1,"minecraft:beetroot_seeds":6,"minecraft:chest":2,"minecraft:iron_ore":24,"minecraft:arrow":5,"minecraft:glass":2,"minecraft:netherrack":64,"minecraft:egg":4,"minecraft:water_bucket":5,"minecraft:iron_ingot":5,"minecraft:wheat_seeds":7,"minecraft:poisonous_potato":1,"minecraft:oak_fence":3,"minecraft:feather":23,"minecraft:cobblestone":371,"minecraft:granite":99,"minecraft:stick":57,"minecraft:diorite":95,"minecraft:torch":4,"minecraft:cooked_salmon":25,"minecraft:iron_leggings":1,"minecraft:string":5,"minecraft:tripwire_hook":1,"minecraft:bucket":2,"minecraft:dandelion":1,"minecraft:redstone":77,"minecraft:stone_sword":2,"minecraft:stone_shovel":1,"minecraft:chicken":1,"minecraft:diamond_sword":1,"minecraft:potato":22,"minecraft:stone":530,"minecraft:shield":2,"minecraft:diamond_pickaxe":1,"minecraft:iron_chestplate":1,"minecraft:andesite":29,"minecraft:pink_wool":3,"minecraft:oak_boat":2,"minecraft:stone_pickaxe":10},"minecraft:picked_up":{"minecraft:seagrass":9,"minecraft:iron_chestplate":2,"minecraft:birch_door":4,"minecraft:wheat":843,"minecraft:yellow_wool":19,"minecraft:stone_slab":5,"minecraft:diamond_sword":1,"minecraft:stone_brick_stairs":23,"minecraft:string":92,"minecraft:cooked_salmon":31,"minecraft:iron_leggings":1,"minecraft:beetroot":51,"minecraft:activator_rail":3,"minecraft:comparator":2,"minecraft:bucket":2,"minecraft:spruce_planks":5,"minecraft:rose_bush":12,"minecraft:cobblestone_slab":23,"minecraft:iron_pickaxe":2,"minecraft:furnace":4,"minecraft:blue_wool":7,"minecraft:diamond_ore":31,"minecraft:stick":165,"minecraft:oak_fence":12,"minecraft:torch":659,"minecraft:acacia_log":56,"minecraft:spruce_stairs":52,"minecraft:porkchop":116,"minecraft:diorite":372,"minecraft:stone_sword":4,"minecraft:cactus":28,"minecraft:rotten_flesh":84,"minecraft:light_blue_wool":33,"minecraft:green_wool":5,"minecraft:obsidian":25,"minecraft:cobblestone":2523,"minecraft:birch_log":110,"minecraft:magma_block":10,"minecraft:cooked_beef":53,"minecraft:feather":119,"minecraft:lilac":27,"minecraft:water_bucket":7,"minecraft:andesite":469,"minecraft:potato":164,"minecraft:flint":13,"minecraft:lapis_lazuli":682,"minecraft:dirt":4892,"minecraft:polished_granite":34,"minecraft:name_tag":1,"minecraft:sign":7,"minecraft:glass":119,"minecraft:bone":53,"minecraft:bow":8,"minecraft:wheat_seeds":1510,"minecraft:orange_tulip":3,"minecraft:glowstone_dust":234,"minecraft:powered_rail":4,"minecraft:oak_planks":259,"minecraft:oak_pressure_plate":11,"minecraft:poisonous_potato":1,"minecraft:sand":53,"minecraft:ink_sac":24,"minecraft:grass_block":4,"minecraft:dark_oak_log":32,"minecraft:orange_wool":29,"minecraft:polished_andesite":226,"minecraft:diamond":103,"minecraft:granite":353,"minecraft:bone_meal":4,"minecraft:grass":12,"minecraft:golden_apple":1,"minecraft:emerald":31,"minecraft:bread":1,"minecraft:oak_sapling":74,"minecraft:netherrack":230,"minecraft:oak_leaves":12,"minecraft:diamond_pickaxe":1,"minecraft:crafting_table":7,"minecraft:azure_bluet":35,"minecraft:chicken":142,"minecraft:ladder":1,"minecraft:clay_ball":48,"minecraft:brown_mushroom":15,"minecraft:pink_wool":15,"minecraft:shield":3,"minecraft:iron_axe":1,"minecraft:white_carpet":2,"minecraft:iron_shovel":1,"minecraft:blue_orchid":45,"minecraft:glass_pane":68,"minecraft:detector_rail":1,"minecraft:beef":664,"minecraft:oak_boat":5,"minecraft:cyan_wool":24,"minecraft:poppy":43,"minecraft:light_gray_wool":7,"minecraft:spruce_slab":19,"minecraft:minecart":3,"minecraft:sugar_cane":285,"minecraft:chest":5,"minecraft:birch_sapling":18,"minecraft:piston":5,"minecraft:phantom_membrane":1,"minecraft:egg":607,"minecraft:lime_wool":6,"minecraft:dark_oak_sapling":6,"minecraft:stone":3284,"minecraft:oak_door":22,"minecraft:spruce_fence":12,"minecraft:quartz_pillar":1,"minecraft:carrot":387,"minecraft:redstone":2031,"minecraft:dark_oak_planks":1,"minecraft:arrow":50,"minecraft:stone_shovel":2,"minecraft:beetroot_seeds":109,"minecraft:peony":11,"minecraft:shears":1,"minecraft:mutton":95,"minecraft:rail":263,"minecraft:white_wool":147,"minecraft:emerald_ore":4,"minecraft:lapis_ore":18,"minecraft:stripped_oak_log":1,"minecraft:tripwire_hook":1,"minecraft:salmon":100,"minecraft:leather":309,"minecraft:red_mushroom":23,"minecraft:birch_planks":335,"minecraft:oak_log":628,"minecraft:lily_pad":39,"minecraft:cobblestone_wall":12,"minecraft:gunpowder":15,"minecraft:cobblestone_stairs":23,"minecraft:blue_bed":4,"minecraft:cooked_mutton":1,"minecraft:apple":19,"minecraft:stone_bricks":9,"minecraft:iron_ingot":13,"minecraft:stone_pickaxe":17,"minecraft:iron_ore":1183,"minecraft:glass_bottle":6,"minecraft:iron_sword":4,"minecraft:acacia_sapling":7,"minecraft:soul_sand":2,"minecraft:dark_oak_stairs":5,"minecraft:book":6,"minecraft:pumpkin":6,"minecraft:red_wool":6,"minecraft:quartz":201,"minecraft:dandelion":12,"minecraft:gravel":146,"minecraft:birch_stairs":4,"minecraft:spruce_sapling":24,"minecraft:white_bed":11,"minecraft:spruce_log":101,"minecraft:gold_ore":187,"minecraft:spider_eye":5,"minecraft:coal_ore":436,"minecraft:polished_diorite":1,"minecraft:stone_axe":3,"minecraft:iron_helmet":1,"minecraft:redstone_ore":51,"minecraft:gray_wool":4,"minecraft:black_wool":6,"minecraft:coal":2470,"minecraft:hopper":1,"minecraft:ender_pearl":6},"minecraft:broken":{"minecraft:iron_shovel":13,"minecraft:wooden_shovel":1,"minecraft:stone_pickaxe":16,"minecraft:stone_axe":5,"minecraft:iron_sword":3,"minecraft:wooden_axe":1,"minecraft:stone_shovel":4,"minecraft:stone_sword":1,"minecraft:iron_axe":2,"minecraft:iron_pickaxe":6},"minecraft:used":{"minecraft:iron_shovel":3458,"minecraft:spruce_slab":57,"minecraft:ladder":5,"minecraft:poppy":14,"minecraft:chest":20,"minecraft:stone":1018,"minecraft:iron_sword":1293,"minecraft:rotten_flesh":2,"minecraft:carrot":139,"minecraft:obsidian":10,"minecraft:glass":62,"minecraft:grass_block":4,"minecraft:lava_bucket":6,"minecraft:coal_ore":435,"minecraft:quartz_pillar":5,"minecraft:birch_sapling":4,"minecraft:quartz_block":12,"minecraft:light_blue_bed":1,"minecraft:stone_brick_stairs":43,"minecraft:stone_bricks":114,"minecraft:repeater":3,"minecraft:magma_block":2,"minecraft:bow":12,"minecraft:oak_sapling":90,"minecraft:furnace":17,"minecraft:beetroot_seeds":52,"minecraft:egg":329,"minecraft:potato":47,"minecraft:emerald_ore":4,"minecraft:dark_oak_stairs":5,"minecraft:diorite":2,"minecraft:spruce_door":3,"minecraft:stone_pickaxe":2458,"minecraft:oak_planks":499,"minecraft:lily_pad":7,"minecraft:cactus":9,"minecraft:sugar_cane":75,"minecraft:diamond_axe":396,"minecraft:blue_bed":5,"minecraft:oak_leaves":12,"minecraft:sand":14,"minecraft:cave_spider_spawn_egg":1,"minecraft:shears":26,"minecraft:bread":2,"minecraft:cyan_bed":1,"minecraft:diamond_ore":31,"minecraft:sign":9,"minecraft:polished_granite":107,"minecraft:oak_pressure_plate":10,"minecraft:gravel":9,"minecraft:lilac":14,"minecraft:diamond_sword":55,"minecraft:andesite":27,"minecraft:birch_log":2,"minecraft:oak_boat":5,"minecraft:bone_meal":18,"minecraft:oak_fence":27,"minecraft:enchanting_table":1,"minecraft:stone_sword":214,"minecraft:acacia_log":6,"minecraft:flint_and_steel":3,"minecraft:redstone_ore":51,"minecraft:stone_shovel":687,"minecraft:redstone":28,"minecraft:spruce_planks":35,"minecraft:wooden_shovel":61,"minecraft:cooked_salmon":87,"minecraft:stone_hoe":61,"minecraft:cooked_chicken":1,"minecraft:netherrack":81,"minecraft:oak_door":16,"minecraft:torch":2411,"minecraft:dirt":1743,"minecraft:anvil":2,"minecraft:white_carpet":2,"minecraft:hopper":1,"minecraft:spruce_stairs":138,"minecraft:cobblestone_wall":49,"minecraft:oak_fence_gate":3,"minecraft:polished_diorite":25,"minecraft:granite":26,"minecraft:spruce_fence":80,"minecraft:birch_door":1,"minecraft:iron_hoe":57,"minecraft:dark_oak_planks":1,"minecraft:wooden_axe":59,"minecraft:bookshelf":35,"minecraft:iron_axe":669,"minecraft:spawner":3,"minecraft:minecart":1,"minecraft:cooked_beef":66,"minecraft:wheat_seeds":929,"minecraft:cooked_mutton":4,"minecraft:water_bucket":107,"minecraft:cobblestone_stairs":24,"minecraft:birch_planks":148,"minecraft:polished_andesite":369,"minecraft:cobblestone_slab":23,"minecraft:salmon":1,"minecraft:rail":3,"minecraft:comparator":5,"minecraft:crafting_table":10,"minecraft:white_bed":10,"minecraft:oak_log":27,"minecraft:piston":26,"minecraft:diamond_pickaxe":7856,"minecraft:apple":4,"minecraft:iron_pickaxe":3320,"minecraft:spruce_pressure_plate":1,"minecraft:lapis_ore":18,"minecraft:stone_slab":29,"minecraft:spruce_sapling":15,"minecraft:stone_axe":769,"minecraft:cobblestone":159,"minecraft:bucket":118,"minecraft:glass_pane":136,"minecraft:stripped_oak_log":1,"minecraft:dandelion":6},"minecraft:crafted":{"minecraft:oak_planks":1292,"minecraft:cobblestone_slab":18,"minecraft:cooked_chicken":99,"minecraft:stone":112,"minecraft:cobblestone_stairs":28,"minecraft:diamond_shovel":1,"minecraft:bookshelf":35,"minecraft:spruce_pressure_plate":1,"minecraft:cooked_mutton":96,"minecraft:quartz_pillar":4,"minecraft:quartz_block":16,"minecraft:glass":54,"minecraft:diamond_leggings":1,"minecraft:repeater":3,"minecraft:diamond_helmet":1,"minecraft:bow":1,"minecraft:iron_boots":2,"minecraft:comparator":3,"minecraft:chest":31,"minecraft:birch_door":3,"minecraft:stone_hoe":1,"minecraft:stone_bricks":344,"minecraft:wooden_shovel":1,"minecraft:cooked_porkchop":64,"minecraft:diamond_axe":1,"minecraft:map":2,"minecraft:crafting_table":7,"minecraft:spruce_planks":404,"minecraft:iron_helmet":2,"minecraft:rose_red":10,"minecraft:spruce_door":3,"minecraft:gold_block":16,"minecraft:birch_planks":372,"minecraft:dandelion_yellow":5,"minecraft:stone_brick_stairs":44,"minecraft:iron_chestplate":2,"minecraft:book":116,"minecraft:paper":447,"minecraft:charcoal":16,"minecraft:diamond_pickaxe":2,"minecraft:shield":1,"minecraft:stick":1384,"minecraft:stone_slab":24,"minecraft:light_blue_dye":23,"minecraft:iron_ingot":1102,"minecraft:compass":2,"minecraft:iron_pickaxe":7,"minecraft:light_blue_bed":1,"minecraft:iron_block":63,"minecraft:stone_sword":3,"minecraft:gold_ingot":128,"minecraft:light_gray_dye":35,"minecraft:redstone_torch":45,"minecraft:cactus_green":7,"minecraft:shears":3,"minecraft:polished_andesite":184,"minecraft:oak_door":3,"minecraft:stone_shovel":7,"minecraft:fishing_rod":2,"minecraft:furnace":13,"minecraft:piston":21,"minecraft:bone_meal":27,"minecraft:spruce_fence":90,"minecraft:pink_dye":22,"minecraft:white_carpet":3,"minecraft:glass_pane":176,"minecraft:flint_and_steel":2,"minecraft:spruce_stairs":116,"minecraft:polished_diorite":28,"minecraft:iron_axe":3,"minecraft:ladder":9,"minecraft:spruce_slab":96,"minecraft:iron_hoe":3,"minecraft:stone_pickaxe":25,"minecraft:cobblestone_wall":42,"minecraft:diamond_boots":1,"minecraft:filled_map":4,"minecraft:dark_oak_planks":64,"minecraft:cooked_beef":646,"minecraft:cooked_cod":28,"minecraft:diamond_sword":1,"minecraft:cyan_dye":10,"minecraft:dark_oak_stairs":40,"minecraft:enchanting_table":1,"minecraft:cyan_bed":1,"minecraft:iron_sword":6,"minecraft:blue_bed":1,"minecraft:polished_granite":128,"minecraft:cooked_salmon":105,"minecraft:bucket":8,"minecraft:sign":69,"minecraft:stone_axe":5,"minecraft:orange_dye":3,"minecraft:air":0,"minecraft:bread":1,"minecraft:oak_fence_gate":1,"minecraft:oak_boat":2,"minecraft:wooden_axe":1,"minecraft:iron_shovel":20,"minecraft:iron_leggings":2,"minecraft:anvil":2,"minecraft:white_bed":4,"minecraft:andesite":46,"minecraft:acacia_planks":200,"minecraft:torch":2320,"minecraft:diamond_chestplate":1},"minecraft:killed_by":{"minecraft:creeper":2,"minecraft:skeleton":4},"minecraft:custom":{"minecraft:animals_bred":617,"minecraft:interact_with_crafting_table":195,"minecraft:leave_game":77,"minecraft:time_since_death":1558917,"minecraft:sprint_one_cm":2952562,"minecraft:damage_blocked_by_shield":200,"minecraft:drop":210,"minecraft:talked_to_villager":18,"minecraft:deaths":6,"minecraft:jump":10727,"minecraft:walk_on_water_one_cm":397704,"minecraft:enchant_item":17,"minecraft:interact_with_furnace":408,"minecraft:play_one_minute":1909395,"minecraft:sleep_in_bed":23,"minecraft:damage_dealt":67134,"minecraft:crouch_one_cm":256896,"minecraft:mob_kills":900,"minecraft:inspect_hopper":12,"minecraft:climb_one_cm":66150,"minecraft:walk_one_cm":7388452,"minecraft:sneak_time":74235,"minecraft:walk_under_water_one_cm":181187,"minecraft:boat_one_cm":85970,"minecraft:time_since_rest":461583,"minecraft:damage_taken":10353,"minecraft:minecart_one_cm":1456,"minecraft:swim_one_cm":49043,"minecraft:fly_one_cm":643697,"minecraft:open_chest":1206,"minecraft:fall_one_cm":180773},"minecraft:mined":{"minecraft:dark_oak_planks":1,"minecraft:spruce_planks":9,"minecraft:white_bed":10,"minecraft:farmland":62,"minecraft:cobblestone_stairs":24,"minecraft:obsidian":27,"minecraft:granite":397,"minecraft:acacia_log":57,"minecraft:grass_block":1431,"minecraft:oak_pressure_plate":4,"minecraft:polished_diorite":1,"minecraft:oxeye_daisy":1,"minecraft:spawner":4,"minecraft:magma_block":1,"minecraft:glowstone":76,"minecraft:iron_ore":1217,"minecraft:pumpkin":6,"minecraft:azure_bluet":36,"minecraft:dark_oak_stairs":5,"minecraft:red_tulip":2,"minecraft:blue_orchid":49,"minecraft:spruce_slab":19,"minecraft:brown_mushroom":17,"minecraft:clay":13,"minecraft:torch":198,"minecraft:poppy":49,"minecraft:chest":2,"minecraft:glass":91,"minecraft:nether_quartz_ore":142,"minecraft:cobblestone":43,"minecraft:oak_planks":237,"minecraft:sugar_cane":132,"minecraft:wall_torch":117,"minecraft:seagrass":8,"minecraft:birch_log":100,"minecraft:sign":1,"minecraft:wheat":875,"minecraft:lilac":2,"minecraft:orange_tulip":3,"minecraft:stone_brick_stairs":23,"minecraft:grass":360,"minecraft:oak_log":629,"minecraft:beetroots":55,"minecraft:sand":56,"minecraft:dirt":3149,"minecraft:netherrack":162,"minecraft:piston":5,"minecraft:oak_leaves":370,"minecraft:wall_sign":1,"minecraft:diamond_ore":102,"minecraft:dark_oak_leaves":60,"minecraft:dark_oak_log":30,"minecraft:spruce_fence":14,"minecraft:redstone_wire":1,"minecraft:spruce_leaves":82,"minecraft:red_mushroom":10,"minecraft:redstone_ore":473,"minecraft:spruce_sapling":3,"minecraft:furnace":4,"minecraft:carrots":140,"minecraft:snow":1,"minecraft:andesite":468,"minecraft:bookshelf":2,"minecraft:potatoes":58,"minecraft:cobblestone_slab":23,"minecraft:vine":1,"minecraft:rail":231,"minecraft:stripped_oak_log":1,"minecraft:stone":6579,"minecraft:birch_stairs":4,"minecraft:acacia_leaves":67,"minecraft:glass_pane":75,"minecraft:comparator":2,"minecraft:soul_sand":3,"minecraft:dandelion":12,"minecraft:polished_granite":32,"minecraft:oak_fence":6,"minecraft:crafting_table":4,"minecraft:emerald_ore":21,"minecraft:stone_slab":4,"minecraft:lapis_ore":97,"minecraft:lily_pad":44,"minecraft:diorite":391,"minecraft:blue_bed":4,"minecraft:spruce_stairs":63,"minecraft:birch_planks":169,"minecraft:cactus":21,"minecraft:cobblestone_wall":13,"minecraft:white_carpet":2,"minecraft:spruce_log":103,"minecraft:birch_leaves":69,"minecraft:quartz_pillar":1,"minecraft:grass_path":5,"minecraft:coal_ore":2197,"minecraft:gravel":115,"minecraft:cobweb":75,"minecraft:polished_andesite":241,"minecraft:stone_bricks":10,"minecraft:gold_ore":191,"minecraft:infested_stone":12}},"DataVersion":1628}