{"stats":{"minecraft:killed":{"minecraft:spider":16,"minecraft:skeleton":25,"minecraft:chicken":60,"minecraft:silverfish":25,"minecraft:zombie_villager":1,"minecraft:salmon":8,"minecraft:creeper":21,"minecraft:sheep":4,"minecraft:zombie":78,"minecraft:cow":9,"minecraft:zombie_pigman":1,"minecraft:phantom":3,"minecraft:bat":1,"minecraft:enderman":1},"minecraft:dropped":{"minecraft:piston":1,"minecraft:birch_planks":12,"minecraft:lapis_lazuli":29,"minecraft:dirt":160,"minecraft:bone":1,"minecraft:oak_door":6,"minecraft:stone_axe":1,"minecraft:sugar_cane":88,"minecraft:wheat":1,"minecraft:rotten_flesh":1,"minecraft:oak_planks":1,"minecraft:glowstone_dust":64,"minecraft:leather_boots":3,"minecraft:ladder":1,"minecraft:arrow":1,"minecraft:netherrack":19,"minecraft:egg":56,"minecraft:oak_fence":3,"minecraft:cobblestone":1142,"minecraft:granite":33,"minecraft:diorite":32,"minecraft:torch":2,"minecraft:oak_stairs":4,"minecraft:redstone":62,"minecraft:diamond_ore":4,"minecraft:diamond_sword":1,"minecraft:stone":64,"minecraft:diamond_pickaxe":2,"minecraft:oak_sapling":7,"minecraft:stone_pickaxe":2},"minecraft:picked_up":{"minecraft:wooden_axe":1,"minecraft:birch_door":4,"minecraft:iron_chestplate":3,"minecraft:wheat":403,"minecraft:diamond_sword":1,"minecraft:oak_stairs":55,"minecraft:potion":1,"minecraft:enchanted_book":2,"minecraft:stone_brick_stairs":24,"minecraft:string":34,"minecraft:cooked_salmon":42,"minecraft:iron_leggings":3,"minecraft:pufferfish":24,"minecraft:beetroot":125,"minecraft:bucket":4,"minecraft:rose_bush":4,"minecraft:cobblestone_slab":5,"minecraft:iron_pickaxe":3,"minecraft:iron_boots":4,"minecraft:furnace":9,"minecraft:diamond_ore":4,"minecraft:stick":114,"minecraft:oak_fence":12,"minecraft:torch":430,"minecraft:spruce_stairs":1,"minecraft:diorite":186,"minecraft:cactus":4,"minecraft:rotten_flesh":115,"minecraft:tropical_fish":2,"minecraft:cod":83,"minecraft:cobblestone":3701,"minecraft:nautilus_shell":1,"minecraft:birch_log":124,"minecraft:magma_block":122,"minecraft:feather":60,"minecraft:lilac":5,"minecraft:water_bucket":16,"minecraft:andesite":145,"minecraft:potato":439,"minecraft:flint":7,"minecraft:lapis_lazuli":138,"minecraft:dirt":2898,"minecraft:polished_granite":3,"minecraft:name_tag":1,"minecraft:sign":4,"minecraft:leather_boots":3,"minecraft:glass":9,"minecraft:bone":39,"minecraft:bow":9,"minecraft:wheat_seeds":610,"minecraft:glowstone_dust":226,"minecraft:stone_hoe":1,"minecraft:oak_planks":559,"minecraft:oak_pressure_plate":9,"minecraft:poisonous_potato":7,"minecraft:sand":426,"minecraft:ink_sac":10,"minecraft:grass_block":1,"minecraft:orange_wool":1,"minecraft:iron_hoe":1,"minecraft:diamond":35,"minecraft:granite":211,"minecraft:bone_meal":1,"minecraft:emerald":8,"minecraft:oak_sapling":120,"minecraft:netherrack":313,"minecraft:diamond_pickaxe":2,"minecraft:fishing_rod":5,"minecraft:crafting_table":2,"minecraft:chicken":54,"minecraft:ladder":107,"minecraft:brown_mushroom":6,"minecraft:wooden_pickaxe":1,"minecraft:shield":7,"minecraft:iron_axe":4,"minecraft:iron_shovel":5,"minecraft:glass_pane":52,"minecraft:beef":14,"minecraft:poppy":6,"minecraft:minecart":1,"minecraft:sugar_cane":50,"minecraft:chest":8,"minecraft:birch_sapling":14,"minecraft:piston":1,"minecraft:phantom_membrane":1,"minecraft:egg":401,"minecraft:stone":414,"minecraft:oak_door":24,"minecraft:bowl":2,"minecraft:stone_button":8,"minecraft:carrot":205,"minecraft:redstone":805,"minecraft:cooked_cod":11,"minecraft:arrow":42,"minecraft:stone_shovel":2,"minecraft:beetroot_seeds":260,"minecraft:shears":1,"minecraft:saddle":2,"minecraft:mutton":2,"minecraft:white_wool":1,"minecraft:rail":16,"minecraft:lapis_ore":3,"minecraft:stripped_oak_log":3,"minecraft:tripwire_hook":4,"minecraft:salmon":65,"minecraft:leather":18,"minecraft:red_mushroom":19,"minecraft:birch_planks":242,"minecraft:oak_log":431,"minecraft:lily_pad":4,"minecraft:cobblestone_stairs":4,"minecraft:gunpowder":29,"minecraft:blue_bed":1,"minecraft:paper":2,"minecraft:birch_pressure_plate":1,"minecraft:apple":7,"minecraft:stone_bricks":1,"minecraft:iron_ingot":112,"minecraft:stone_pickaxe":10,"minecraft:iron_ore":314,"minecraft:iron_sword":12,"minecraft:pumpkin":74,"minecraft:quartz":91,"minecraft:dandelion":5,"minecraft:gravel":177,"minecraft:birch_stairs":3,"minecraft:spruce_sapling":17,"minecraft:gold_ore":44,"minecraft:spider_eye":5,"minecraft:pumpkin_seeds":1,"minecraft:coal_ore":4,"minecraft:stone_axe":4,"minecraft:iron_helmet":3,"minecraft:oak_button":4,"minecraft:coal":505,"minecraft:hopper":6},"minecraft:broken":{"minecraft:iron_shovel":4,"minecraft:stone_pickaxe":3,"minecraft:stone_axe":3,"minecraft:iron_sword":1,"minecraft:wooden_axe":1,"minecraft:fishing_rod":3,"minecraft:stone_shovel":6,"minecraft:iron_hoe":1,"minecraft:stone_hoe":1,"minecraft:wooden_pickaxe":1,"minecraft:iron_axe":2,"minecraft:iron_pickaxe":11},"minecraft:used":{"minecraft:iron_shovel":1253,"minecraft:ladder":123,"minecraft:chest":23,"minecraft:stone":13,"minecraft:iron_sword":615,"minecraft:carrot":168,"minecraft:glass":163,"minecraft:coal_ore":4,"minecraft:bow":47,"minecraft:furnace":10,"minecraft:cooked_cod":17,"minecraft:beetroot_seeds":201,"minecraft:egg":279,"minecraft:potato":241,"minecraft:diorite":10,"minecraft:stone_pickaxe":542,"minecraft:oak_planks":1177,"minecraft:wooden_pickaxe":52,"minecraft:diamond_axe":17,"minecraft:pumpkin_seeds":41,"minecraft:stone_button":10,"minecraft:sign":19,"minecraft:polished_granite":27,"minecraft:oak_pressure_plate":23,"minecraft:gravel":1,"minecraft:andesite":13,"minecraft:birch_log":3,"minecraft:oak_fence":109,"minecraft:stone_shovel":843,"minecraft:cooked_salmon":23,"minecraft:stone_hoe":177,"minecraft:cooked_chicken":22,"minecraft:netherrack":111,"minecraft:oak_door":31,"minecraft:torch":807,"minecraft:dirt":3697,"minecraft:hopper":8,"minecraft:granite":7,"minecraft:oak_fence_gate":2,"minecraft:iron_hoe":408,"minecraft:wooden_axe":59,"minecraft:iron_axe":839,"minecraft:oak_stairs":75,"minecraft:cooked_beef":17,"minecraft:wheat_seeds":429,"minecraft:water_bucket":106,"minecraft:cobblestone_stairs":28,"minecraft:birch_planks":84,"minecraft:cobblestone_slab":5,"minecraft:crafting_table":2,"minecraft:oak_log":26,"minecraft:diamond_pickaxe":1776,"minecraft:apple":7,"minecraft:iron_pickaxe":3646,"minecraft:oak_button":4,"minecraft:spruce_sapling":4,"minecraft:stone_axe":630,"minecraft:fishing_rod":195,"minecraft:cobblestone":477,"minecraft:cooked_porkchop":2,"minecraft:bucket":112,"minecraft:glass_pane":160,"minecraft:birch_stairs":7},"minecraft:crafted":{"minecraft:oak_planks":1930,"minecraft:cobblestone_slab":6,"minecraft:oak_pressure_plate":18,"minecraft:cooked_chicken":94,"minecraft:stone":1,"minecraft:cobblestone_stairs":24,"minecraft:glass":220,"minecraft:hopper":2,"minecraft:bow":6,"minecraft:iron_boots":2,"minecraft:chest":20,"minecraft:oak_button":4,"minecraft:stone_hoe":2,"minecraft:stone_bricks":256,"minecraft:oak_fence":120,"minecraft:arrow":20,"minecraft:cooked_porkchop":53,"minecraft:diamond_axe":1,"minecraft:wooden_pickaxe":1,"minecraft:iron_helmet":3,"minecraft:birch_pressure_plate":1,"minecraft:birch_planks":408,"minecraft:pumpkin_seeds":40,"minecraft:iron_chestplate":2,"minecraft:diamond_pickaxe":1,"minecraft:charcoal":19,"minecraft:shield":3,"minecraft:stick":1064,"minecraft:iron_ingot":155,"minecraft:iron_pickaxe":21,"minecraft:gold_ingot":35,"minecraft:birch_stairs":16,"minecraft:oak_door":24,"minecraft:stone_shovel":10,"minecraft:fishing_rod":2,"minecraft:furnace":1,"minecraft:stone_button":10,"minecraft:glass_pane":160,"minecraft:iron_axe":4,"minecraft:ladder":137,"minecraft:iron_hoe":1,"minecraft:stone_pickaxe":5,"minecraft:cooked_beef":8,"minecraft:cooked_cod":35,"minecraft:diamond_sword":1,"minecraft:iron_sword":4,"minecraft:cooked_salmon":29,"minecraft:bucket":7,"minecraft:sign":25,"minecraft:stone_axe":8,"minecraft:oak_fence_gate":4,"minecraft:wooden_axe":1,"minecraft:oak_stairs":104,"minecraft:iron_shovel":8,"minecraft:iron_leggings":2,"minecraft:torch":770,"minecraft:lapis_lazuli":3},"minecraft:killed_by":{"minecraft:creeper":1,"minecraft:zombie":2,"minecraft:skeleton":6},"minecraft:custom":{"minecraft:animals_bred":212,"minecraft:interact_with_crafting_table":164,"minecraft:leave_game":68,"minecraft:time_since_death":487337,"minecraft:sprint_one_cm":1335511,"minecraft:damage_blocked_by_shield":585,"minecraft:drop":73,"minecraft:deaths":11,"minecraft:jump":9327,"minecraft:walk_on_water_one_cm":211407,"minecraft:enchant_item":10,"minecraft:interact_with_furnace":267,"minecraft:play_one_minute":1436959,"minecraft:sleep_in_bed":16,"minecraft:damage_dealt":24452,"minecraft:crouch_one_cm":29751,"minecraft:mob_kills":257,"minecraft:inspect_hopper":15,"minecraft:climb_one_cm":175304,"minecraft:walk_one_cm":7080503,"minecraft:sneak_time":10123,"minecraft:walk_under_water_one_cm":51298,"minecraft:time_since_rest":119674,"minecraft:damage_taken":7885,"minecraft:minecart_one_cm":530,"minecraft:swim_one_cm":370,"minecraft:fly_one_cm":185893,"minecraft:open_chest":572,"minecraft:fish_caught":140,"minecraft:fall_one_cm":119373},"minecraft:mined":{"minecraft:oak_sapling":4,"minecraft:farmland":6,"minecraft:cobblestone_stairs":4,"minecraft:granite":204,"minecraft:grass_block":887,"minecraft:oak_pressure_plate":11,"minecraft:hopper":7,"minecraft:magma_block":140,"minecraft:glowstone":76,"minecraft:iron_ore":261,"minecraft:pumpkin":76,"minecraft:oak_stairs":10,"minecraft:brown_mushroom":3,"minecraft:torch":92,"minecraft:chest":6,"minecraft:glass":10,"minecraft:nether_quartz_ore":88,"minecraft:cobblestone":148,"minecraft:oak_planks":509,"minecraft:wall_torch":52,"minecraft:birch_sapling":1,"minecraft:seagrass":1,"minecraft:birch_log":120,"minecraft:wheat":324,"minecraft:pumpkin_stem":1,"minecraft:grass":236,"minecraft:oak_log":454,"minecraft:beetroots":126,"minecraft:sand":279,"minecraft:dirt":1149,"minecraft:netherrack":267,"minecraft:oak_leaves":339,"minecraft:attached_pumpkin_stem":1,"minecraft:wall_sign":2,"minecraft:diamond_ore":25,"minecraft:ladder":6,"minecraft:stone_button":4,"minecraft:red_mushroom":7,"minecraft:redstone_ore":153,"minecraft:spruce_sapling":1,"minecraft:furnace":9,"minecraft:carrots":61,"minecraft:andesite":145,"minecraft:potatoes":161,"minecraft:cobblestone_slab":1,"minecraft:rail":6,"minecraft:stripped_oak_log":2,"minecraft:stone":3447,"minecraft:birch_stairs":3,"minecraft:glass_pane":8,"minecraft:dandelion":5,"minecraft:polished_granite":4,"minecraft:oak_fence":10,"minecraft:crafting_table":2,"minecraft:emerald_ore":8,"minecraft:lapis_ore":26,"minecraft:lily_pad":2,"minecraft:diorite":123,"minecraft:birch_planks":34,"minecraft:birch_leaves":35,"minecraft:grass_path":7,"minecraft:coal_ore":468,"minecraft:gravel":53,"minecraft:cobweb":11,"minecraft:oak_button":4,"minecraft:gold_ore":39,"minecraft:infested_stone":16}},"DataVersion":1628}